trip_duration,usertype,number_of_trips
2,casual,16044
2,member,194400
3,member,445848
3,casual,20844
4,casual,30010
4,member,614820
5,member,685302
5,casual,40475
6,casual,50368
6,member,688090
7,casual,60514
7,member,660334
8,casual,70538
8,member,619281
9,member,566697
9,casual,78666
10,casual,86783
10,member,513032
11,member,459347
11,casual,92706
12,casual,97118
12,member,411038
13,member,368729
13,casual,101928
14,member,332130
14,casual,105118
15,member,298847
15,casual,108137
16,casual,111058
16,member,267826
17,casual,113749
17,member,239093
18,member,214649
18,casual,115289
19,casual,117722
19,member,192575
20,casual,118362
20,member,173431
21,member,155865
21,casual,118135
22,member,140210
22,casual,118391
23,casual,116468
23,member,124260
24,member,108658
24,casual,113500
25,member,93404
25,casual,109393
26,member,78561
26,casual,102622
27,member,64716
27,casual,96015
28,casual,88429
28,member,52760
29,casual,77965
29,member,40713
30,casual,68018
30,member,31205
31,casual,58232
31,member,23690
32,member,18376
32,casual,50398
33,casual,44072
33,member,14762
34,member,12307
34,casual,38657
35,member,10149
35,casual,34816
36,member,8495
36,casual,31793
37,member,7479
37,casual,28559
38,member,6316
38,casual,26167
39,casual,23959
39,member,5377
40,member,4699
40,casual,22509
41,casual,20598
41,member,4152
42,member,3719
42,casual,19256
43,casual,18260
43,member,3261
44,casual,17201
44,member,2964
45,member,2642
45,casual,16021
46,casual,15430
46,member,2420
47,casual,14611
47,member,2155
48,casual,13963
48,member,1947
49,member,1774
49,casual,13361
50,member,1602
50,casual,12553
51,casual,12260
51,member,1488
52,casual,11609
52,member,1370
53,member,1281
53,casual,10987
54,member,1182
54,casual,10596
55,member,1062
55,casual,10060
56,casual,9497
56,member,1038
57,member,929
57,casual,9144
58,casual,8564
58,member,854
59,casual,8215
59,member,763
60,member,676
60,casual,7624
61,casual,7306
61,member,673
62,casual,6739
62,member,636
63,casual,6431
63,member,556
64,member,545
64,casual,6205
65,member,528
65,casual,5906
66,casual,5680
66,member,529
67,casual,5479
67,member,438
68,member,471
68,casual,5215
69,member,406
69,casual,5051
70,member,399
70,casual,4766
71,member,351
71,casual,4843
72,casual,4525
72,member,334
73,casual,4406
73,member,366
74,member,309
74,casual,4299
75,casual,4167
75,member,354
76,casual,3978
76,member,307
77,casual,3968
77,member,301
78,member,296
78,casual,3723
79,casual,3695
79,member,272
80,casual,3603
80,member,259
81,member,245
81,casual,3450
82,member,251
82,casual,3374
83,member,217
83,casual,3209
84,member,195
84,casual,2979
85,member,214
85,casual,3063
86,member,188
86,casual,2973
87,member,204
87,casual,2940
88,member,207
88,casual,2748
89,member,228
89,casual,2574
90,member,187
90,casual,2558
91,casual,2491
91,member,182
92,member,177
92,casual,2389
93,casual,2334
93,member,154
94,member,151
94,casual,2265
95,casual,2157
95,member,143
96,member,149
96,casual,2155
97,casual,2044
97,member,143
98,member,152
98,casual,2020
99,casual,1998
99,member,143
100,member,124
100,casual,1891
101,member,127
101,casual,1830
102,casual,1849
102,member,124
103,casual,1808
103,member,141
104,member,126
104,casual,1749
105,member,127
105,casual,1684
106,casual,1660
106,member,107
107,member,109
107,casual,1517
108,casual,1557
108,member,97
109,casual,1558
109,member,105
110,member,123
110,casual,1522
111,casual,1341
111,member,125
112,member,109
112,casual,1416
113,member,102
113,casual,1374
114,member,106
114,casual,1277
115,casual,1343
115,member,100
116,member,87
116,casual,1262
117,casual,1239
117,member,95
118,casual,1175
118,member,114
119,casual,1142
119,member,93
120,casual,1136
120,member,85
121,member,65
121,casual,1116
122,casual,1075
122,member,66
123,member,77
123,casual,1030
124,member,82
124,casual,1018
125,casual,1021
125,member,75
126,member,82
126,casual,989
127,casual,928
127,member,67
128,casual,911
128,member,66
129,casual,914
129,member,72
130,member,73
130,casual,855
131,member,67
131,casual,837
132,casual,825
132,member,48
133,casual,763
133,member,77
134,casual,801
134,member,61
135,casual,791
135,member,72
136,casual,761
136,member,67
137,member,73
137,casual,735
138,casual,712
138,member,53
139,casual,721
139,member,69
140,casual,731
140,member,67
141,casual,646
141,member,59
142,member,64
142,casual,574
143,member,48
143,casual,657
144,casual,648
144,member,43
145,casual,617
145,member,64
146,member,42
146,casual,545
147,casual,570
147,member,49
148,casual,623
148,member,57
149,casual,557
149,member,41
150,casual,482
150,member,38
151,casual,528
151,member,47
152,member,45
152,casual,547
153,casual,489
153,member,40
154,member,52
154,casual,489
155,casual,492
155,member,39
156,casual,516
156,member,37
157,casual,471
157,member,31
158,member,45
158,casual,447
159,member,36
159,casual,462
160,member,41
160,casual,440
161,casual,431
161,member,45
162,member,49
162,casual,413
163,casual,442
163,member,38
164,member,50
164,casual,377
165,casual,378
165,member,36
166,member,38
166,casual,395
167,casual,393
167,member,32
168,member,33
168,casual,388
169,casual,337
169,member,45
170,member,30
170,casual,361
171,casual,349
171,member,30
172,casual,349
172,member,34
173,member,43
173,casual,358
174,casual,372
174,member,24
175,member,30
175,casual,338
176,member,25
176,casual,328
177,casual,297
177,member,31
178,casual,303
178,member,30
179,member,42
179,casual,283
180,casual,300
180,member,33
181,casual,286
181,member,23
182,casual,306
182,member,37
183,member,33
183,casual,294
184,casual,259
184,member,34
185,casual,277
185,member,30
186,member,23
186,casual,253
187,member,28
187,casual,265
188,member,33
188,casual,256
189,casual,249
189,member,27
190,member,24
190,casual,253
191,casual,232
191,member,29
192,casual,237
192,member,34
193,member,22
193,casual,208
194,member,26
194,casual,239
195,casual,228
195,member,29
196,casual,202
196,member,24
197,casual,191
197,member,27
198,casual,220
198,member,27
199,casual,210
199,member,29
200,member,25
200,casual,216
201,member,29
201,casual,197
202,casual,187
202,member,23
203,member,23
203,casual,178
204,member,31
204,casual,203
205,casual,187
205,member,22
206,casual,173
206,member,29
207,member,27
207,casual,177
208,casual,170
208,member,26
209,member,35
209,casual,195
210,member,24
210,casual,168
211,member,28
211,casual,202
212,member,25
212,casual,176
213,member,22
213,casual,196
214,casual,175
214,member,21
215,casual,163
215,member,20
216,casual,192
216,member,20
217,casual,165
217,member,21
218,casual,170
218,member,28
219,casual,204
219,member,24
220,casual,158
220,member,24
221,member,23
221,casual,142
222,member,25
222,casual,151
223,casual,159
223,member,24
224,member,24
224,casual,138
225,casual,124
225,member,23
226,casual,129
226,member,22
227,member,22
227,casual,155
228,member,18
228,casual,146
229,member,11
229,casual,119
230,casual,126
230,member,21
231,member,25
231,casual,120
232,member,20
232,casual,90
233,member,22
233,casual,121
234,member,15
234,casual,115
235,member,17
235,casual,120
236,member,21
236,casual,140
237,casual,122
237,member,22
238,member,19
238,casual,91
239,casual,125
239,member,27
240,member,15
240,casual,108
241,casual,111
241,member,20
242,member,21
242,casual,98
243,casual,122
243,member,20
244,casual,120
244,member,10
245,member,22
245,casual,97
246,casual,112
246,member,18
247,casual,112
247,member,24
248,member,15
248,casual,102
249,member,15
249,casual,102
250,member,19
250,casual,78
251,casual,71
251,member,24
252,casual,85
252,member,18
253,member,15
253,casual,88
254,casual,108
254,member,7
255,casual,85
255,member,13
256,member,10
256,casual,95
257,member,18
257,casual,101
258,casual,99
258,member,20
259,casual,83
259,member,13
260,member,17
260,casual,84
261,member,15
261,casual,79
262,member,26
262,casual,90
263,member,15
263,casual,75
264,member,17
264,casual,77
265,member,18
265,casual,88
266,member,12
266,casual,68
267,casual,71
267,member,16
268,member,10
268,casual,67
269,casual,84
269,member,15
270,casual,69
270,member,15
271,casual,72
271,member,14
272,member,18
272,casual,69
273,member,20
273,casual,59
274,casual,77
274,member,16
275,member,21
275,casual,63
276,casual,61
276,member,11
277,casual,66
277,member,9
278,member,7
278,casual,60
279,member,15
279,casual,60
280,casual,67
280,member,17
281,casual,60
281,member,13
282,casual,61
282,member,13
283,casual,62
283,member,12
284,member,15
284,casual,63
285,member,12
285,casual,67
286,casual,57
286,member,19
287,member,19
287,casual,65
288,member,9
288,casual,57
289,casual,51
289,member,9
290,casual,46
290,member,12
291,casual,52
291,member,17
292,member,12
292,casual,51
293,casual,43
293,member,19
294,casual,55
294,member,16
295,casual,43
295,member,6
296,member,20
296,casual,51
297,casual,57
297,member,14
298,casual,55
298,member,9
299,member,15
299,casual,41
300,member,9
300,casual,46
301,member,12
301,casual,40
302,casual,34
302,member,19
303,member,16
303,casual,48
304,member,17
304,casual,40
305,casual,54
305,member,17
306,member,12
306,casual,35
307,casual,49
307,member,11
308,member,11
308,casual,42
309,casual,55
309,member,15
310,member,12
310,casual,51
311,member,12
311,casual,49
312,member,12
312,casual,38
313,member,13
313,casual,41
314,member,10
314,casual,48
315,casual,38
315,member,12
316,member,13
316,casual,56
317,casual,42
317,member,7
318,member,6
318,casual,38
319,casual,35
319,member,11
320,casual,37
320,member,10
321,member,11
321,casual,39
322,member,9
322,casual,41
323,member,11
323,casual,36
324,casual,43
324,member,14
325,casual,38
325,member,11
326,member,6
326,casual,41
327,member,14
327,casual,38
328,casual,32
328,member,16
329,member,16
329,casual,40
330,casual,29
330,member,6
331,member,9
331,casual,47
332,member,10
332,casual,35
333,member,10
333,casual,30
334,casual,28
334,member,6
335,casual,36
335,member,6
336,casual,38
336,member,10
337,casual,29
337,member,7
338,member,12
338,casual,32
339,casual,35
339,member,2
340,casual,32
340,member,6
341,member,14
341,casual,39
342,casual,48
342,member,6
343,member,8
343,casual,38
344,member,5
344,casual,32
345,member,13
345,casual,31
346,member,13
346,casual,34
347,member,8
347,casual,29
348,member,10
348,casual,35
349,member,7
349,casual,30
350,casual,31
350,member,12
351,member,7
351,casual,33
352,casual,29
352,member,11
353,member,11
353,casual,34
354,casual,21
354,member,9
355,casual,40
355,member,5
356,member,11
356,casual,25
357,member,6
357,casual,20
358,member,10
358,casual,22
359,casual,27
359,member,7
360,member,8
360,casual,33
361,casual,25
361,member,14
362,member,7
362,casual,21
363,casual,23
363,member,11
364,member,15
364,casual,24
365,casual,26
365,member,9
366,member,8
366,casual,26
367,member,6
367,casual,21
368,casual,27
368,member,13
369,member,6
369,casual,26
370,casual,25
370,member,8
371,member,5
371,casual,31
372,casual,23
372,member,14
373,member,12
373,casual,15
374,casual,26
374,member,13
375,member,9
375,casual,24
376,member,4
376,casual,26
377,member,3
377,casual,22
378,member,5
378,casual,20
379,casual,22
379,member,5
380,casual,30
380,member,9
381,casual,21
381,member,12
382,casual,26
382,member,7
383,member,5
383,casual,20
384,casual,21
384,member,5
385,member,11
385,casual,21
386,member,9
386,casual,24
387,member,7
387,casual,19
388,casual,20
388,member,8
389,member,6
389,casual,26
390,member,10
390,casual,23
391,casual,30
391,member,10
392,member,8
392,casual,33
393,casual,24
393,member,3
394,casual,6
394,member,8
395,casual,13
395,member,3
396,casual,20
396,member,8
397,member,4
397,casual,24
398,member,8
398,casual,17
399,member,5
399,casual,20
400,member,5
400,casual,19
401,member,4
401,casual,19
402,casual,15
402,member,2
403,member,5
403,casual,20
404,casual,17
404,member,6
405,member,2
405,casual,22
406,member,7
406,casual,16
407,casual,24
407,member,7
408,member,10
408,casual,17
409,member,7
409,casual,18
410,casual,20
410,member,7
411,member,8
411,casual,13
412,casual,20
412,member,4
413,member,4
413,casual,13
414,member,3
414,casual,23
415,member,6
415,casual,22
416,member,8
416,casual,14
417,member,4
417,casual,16
418,member,6
418,casual,21
419,member,5
419,casual,16
420,member,7
420,casual,10
421,member,7
421,casual,13
422,casual,16
422,member,9
423,casual,9
423,member,3
424,member,5
424,casual,16
425,member,7
425,casual,10
426,casual,16
426,member,4
427,member,3
427,casual,16
428,member,10
428,casual,18
429,member,7
429,casual,14
430,casual,10
430,member,5
431,casual,21
431,member,8
432,member,1
432,casual,14
433,casual,12
433,member,5
434,member,7
434,casual,22
435,casual,11
435,member,3
436,member,9
436,casual,11
437,member,7
437,casual,8
438,member,6
438,casual,12
439,member,11
439,casual,11
440,member,10
440,casual,11
441,casual,11
441,member,6
442,casual,15
442,member,6
443,casual,10
443,member,8
444,member,7
444,casual,9
445,casual,9
445,member,11
446,casual,17
446,member,7
447,casual,12
447,member,10
448,casual,16
448,member,4
449,member,3
449,casual,10
450,member,9
450,casual,13
451,member,5
451,casual,17
452,member,11
452,casual,16
453,casual,8
453,member,12
454,member,4
454,casual,14
455,casual,12
455,member,6
456,member,6
456,casual,10
457,casual,12
457,member,6
458,member,6
458,casual,12
459,member,8
459,casual,14
460,casual,13
461,member,2
461,casual,13
462,member,4
462,casual,11
463,member,5
463,casual,18
464,casual,10
464,member,9
465,member,5
465,casual,16
466,casual,10
466,member,11
467,member,5
467,casual,10
468,member,3
468,casual,18
469,casual,11
469,member,7
470,casual,13
470,member,9
471,casual,11
471,member,4
472,casual,11
472,member,4
473,casual,9
473,member,11
474,member,7
474,casual,12
475,member,5
475,casual,7
476,member,5
476,casual,14
477,casual,7
477,member,5
478,casual,11
478,member,8
479,member,4
479,casual,22
480,member,8
480,casual,13
481,casual,4
481,member,6
482,casual,9
482,member,2
483,member,5
483,casual,12
484,member,4
484,casual,9
485,member,4
485,casual,6
486,casual,12
486,member,7
487,casual,11
487,member,8
488,member,6
488,casual,17
489,member,9
489,casual,11
490,member,6
490,casual,12
491,casual,12
491,member,8
492,casual,15
492,member,13
493,casual,12
493,member,6
494,casual,16
494,member,8
495,casual,6
495,member,6
496,casual,13
496,member,7
497,casual,9
497,member,8
498,member,9
498,casual,7
499,casual,10
499,member,10
500,casual,9
500,member,8
501,member,3
501,casual,8
502,casual,10
502,member,9
503,member,4
503,casual,10
504,member,9
504,casual,9
505,member,8
505,casual,7
506,member,10
506,casual,11
507,casual,11
507,member,8
508,member,7
508,casual,6
509,casual,13
509,member,6
510,casual,9
510,member,5
511,member,2
511,casual,10
512,casual,7
512,member,8
513,casual,7
513,member,5
514,casual,10
514,member,6
515,member,8
515,casual,10
516,member,9
516,casual,9
517,casual,5
517,member,4
518,casual,11
518,member,13
519,casual,14
519,member,6
520,casual,6
520,member,7
521,member,9
521,casual,8
522,casual,9
522,member,5
523,member,12
523,casual,11
524,casual,5
524,member,4
525,casual,13
525,member,5
526,casual,9
526,member,8
527,member,10
527,casual,14
528,member,3
528,casual,6
529,casual,16
529,member,7
530,member,4
530,casual,13
531,casual,8
531,member,7
532,casual,7
532,member,5
533,member,3
533,casual,7
534,casual,10
534,member,5
535,casual,9
535,member,7
536,casual,13
536,member,6
537,casual,6
537,member,6
538,member,8
538,casual,5
539,casual,10
539,member,4
540,member,15
540,casual,17
541,member,11
541,casual,12
542,casual,11
542,member,6
543,member,3
543,casual,6
544,casual,7
544,member,7
545,casual,6
545,member,10
546,member,12
546,casual,9
547,casual,7
547,member,7
548,casual,10
548,member,8
549,casual,9
549,member,10
550,casual,7
550,member,5
551,member,5
551,casual,5
552,casual,11
552,member,4
553,casual,8
553,member,4
554,casual,11
554,member,13
555,casual,15
555,member,7
556,casual,14
556,member,6
557,casual,9
557,member,8
558,member,3
558,casual,9
559,casual,9
559,member,6
560,member,8
560,casual,7
561,casual,9
561,member,6
562,member,6
562,casual,15
563,casual,11
563,member,5
564,member,3
564,casual,15
565,member,5
565,casual,2
566,casual,6
566,member,2
567,member,3
567,casual,11
568,casual,10
568,member,8
569,member,7
569,casual,8
570,member,3
570,casual,8
571,casual,8
571,member,6
572,member,4
572,casual,10
573,member,4
573,casual,5
574,member,4
574,casual,5
575,member,5
575,casual,11
576,member,4
576,casual,14
577,member,4
577,casual,5
578,member,9
578,casual,6
579,member,6
579,casual,6
580,casual,6
580,member,5
581,casual,9
581,member,4
582,casual,9
582,member,6
583,casual,7
583,member,5
584,member,3
584,casual,9
585,member,6
585,casual,6
586,member,6
586,casual,4
587,casual,9
587,member,1
588,member,6
588,casual,7
589,member,9
589,casual,7
590,casual,2
590,member,4
591,member,6
591,casual,5
592,member,11
592,casual,6
593,member,6
593,casual,12
594,casual,8
594,member,4
595,member,5
595,casual,11
596,casual,8
596,member,5
597,casual,13
597,member,5
598,member,7
598,casual,5
599,casual,5
599,member,12
600,casual,6
600,member,5
601,member,3
601,casual,8
602,casual,9
602,member,2
603,casual,5
603,member,11
604,member,5
604,casual,6
605,member,4
605,casual,2
606,casual,5
606,member,5
607,casual,11
607,member,3
608,casual,3
608,member,4
609,member,3
609,casual,6
610,member,1
610,casual,6
611,member,7
611,casual,9
612,member,8
612,casual,5
613,casual,13
613,member,10
614,member,6
614,casual,7
615,member,4
615,casual,8
616,member,7
616,casual,5
617,casual,5
617,member,6
618,member,7
618,casual,7
619,member,4
619,casual,8
620,member,2
620,casual,10
621,member,4
621,casual,13
622,casual,12
622,member,3
623,casual,12
623,member,5
624,member,3
624,casual,11
625,member,4
625,casual,11
626,member,4
626,casual,8
627,member,6
627,casual,6
628,member,5
628,casual,5
629,member,3
629,casual,6
630,member,4
630,casual,4
631,casual,7
631,member,3
632,casual,6
632,member,2
633,member,7
633,casual,7
634,casual,6
634,member,5
635,casual,10
635,member,5
636,casual,3
636,member,4
637,casual,3
637,member,2
638,member,4
638,casual,10
639,casual,8
639,member,1
640,casual,9
640,member,3
641,member,4
641,casual,5
642,casual,6
642,member,3
643,member,6
643,casual,11
644,casual,7
644,member,7
645,member,3
645,casual,12
646,casual,2
646,member,8
647,member,3
647,casual,8
648,member,7
648,casual,7
649,member,3
649,casual,11
650,member,8
650,casual,13
651,member,4
651,casual,6
652,member,7
652,casual,3
653,member,6
653,casual,4
654,casual,7
654,member,6
655,casual,8
655,member,5
656,member,5
656,casual,8
657,member,2
657,casual,4
658,member,7
658,casual,7
659,casual,8
659,member,6
660,member,3
660,casual,10
661,casual,7
661,member,6
662,member,6
662,casual,7
663,casual,4
663,member,6
664,casual,7
664,member,2
665,member,7
665,casual,9
666,member,6
666,casual,8
667,member,1
667,casual,8
668,casual,10
668,member,6
669,member,5
669,casual,4
670,casual,9
670,member,2
671,member,3
671,casual,5
672,casual,5
672,member,5
673,casual,8
673,member,7
674,member,4
674,casual,9
675,member,2
675,casual,5
676,member,5
676,casual,12
677,casual,5
677,member,4
678,member,5
678,casual,3
679,member,2
679,casual,12
680,member,2
680,casual,8
681,member,8
681,casual,13
682,member,4
682,casual,7
683,casual,6
683,member,4
684,casual,5
684,member,3
685,casual,9
685,member,2
686,member,3
686,casual,5
687,casual,5
687,member,3
688,member,2
688,casual,6
689,casual,9
689,member,4
690,casual,10
690,member,4
691,member,3
691,casual,5
692,member,9
692,casual,8
693,member,1
693,casual,6
694,casual,5
694,member,3
695,member,6
695,casual,7
696,casual,5
696,member,6
697,casual,1
697,member,1
698,member,3
698,casual,6
699,member,2
699,casual,7
700,member,6
700,casual,4
701,member,7
701,casual,2
702,casual,5
702,member,5
703,member,2
703,casual,6
704,casual,12
704,member,10
705,casual,8
705,member,1
706,member,3
706,casual,9
707,member,7
707,casual,6
708,member,9
708,casual,7
709,member,5
709,casual,7
710,member,3
710,casual,8
711,casual,9
711,member,6
712,casual,5
712,member,3
713,member,1
713,casual,8
714,member,6
714,casual,4
715,member,4
715,casual,6
716,member,3
716,casual,4
717,casual,8
717,member,5
718,casual,6
718,member,5
719,member,9
719,casual,13
720,casual,7
720,member,5
721,member,4
721,casual,14
722,member,5
722,casual,3
723,casual,7
723,member,11
724,member,6
724,casual,14
725,member,3
725,casual,9
726,member,6
726,casual,7
727,member,8
727,casual,4
728,member,2
728,casual,7
729,member,3
729,casual,6
730,member,5
730,casual,6
731,casual,6
731,member,2
732,member,2
732,casual,7
733,casual,5
733,member,3
734,casual,6
734,member,6
735,casual,5
735,member,6
736,member,1
736,casual,9
737,casual,6
737,member,10
738,member,3
738,casual,5
739,casual,7
739,member,8
740,member,3
740,casual,9
741,casual,7
741,member,4
742,member,7
742,casual,16
743,member,1
743,casual,7
744,member,2
744,casual,7
745,member,1
745,casual,7
746,member,3
746,casual,8
747,member,2
747,casual,8
748,casual,10
748,member,4
749,member,4
749,casual,7
750,member,5
750,casual,7
751,member,5
751,casual,3
752,casual,3
752,member,4
753,casual,12
753,member,1
754,casual,6
754,member,4
755,casual,1
755,member,3
756,member,4
756,casual,5
757,member,5
757,casual,6
758,member,3
758,casual,7
759,member,2
759,casual,5
760,casual,5
760,member,6
761,member,3
761,casual,2
762,member,4
762,casual,4
763,member,4
763,casual,10
764,casual,4
764,member,7
765,casual,5
765,member,3
766,casual,8
766,member,6
767,member,4
767,casual,7
768,casual,8
768,member,3
769,member,5
769,casual,11
770,casual,6
770,member,3
771,casual,9
771,member,8
772,casual,7
772,member,3
773,casual,6
773,member,4
774,member,3
774,casual,10
775,member,7
775,casual,5
776,member,6
776,casual,6
777,casual,9
777,member,4
778,casual,6
778,member,3
779,casual,6
779,member,4
780,member,6
780,casual,7
781,casual,10
781,member,6
782,member,2
782,casual,7
783,casual,10
783,member,6
784,casual,9
784,member,4
785,member,6
785,casual,5
786,casual,4
786,member,3
787,casual,5
787,member,4
788,casual,6
788,member,9
789,member,4
789,casual,9
790,casual,10
790,member,4
791,member,2
791,casual,10
792,member,11
792,casual,6
793,member,7
793,casual,9
794,casual,5
794,member,3
795,casual,2
795,member,6
796,casual,5
796,member,2
797,casual,14
797,member,5
798,member,6
798,casual,9
799,member,5
799,casual,9
800,casual,7
800,member,7
801,member,6
801,casual,13
802,member,6
802,casual,6
803,casual,7
803,member,5
804,member,3
804,casual,4
805,member,8
805,casual,5
806,casual,5
806,member,7
807,member,7
807,casual,10
808,casual,8
808,member,3
809,casual,9
809,member,2
810,casual,6
810,member,8
811,casual,6
811,member,8
812,member,10
812,casual,8
813,member,9
813,casual,8
814,member,5
814,casual,4
815,member,3
815,casual,11
816,member,8
816,casual,5
817,casual,7
817,member,4
818,member,10
818,casual,5
819,member,8
819,casual,6
820,member,6
820,casual,6
821,casual,7
821,member,5
822,casual,7
822,member,3
823,member,6
823,casual,7
824,member,1
824,casual,10
825,member,3
825,casual,8
826,casual,9
826,member,4
827,member,7
827,casual,7
828,casual,6
828,member,4
829,casual,11
829,member,1
830,casual,3
830,member,5
831,casual,8
831,member,4
832,casual,6
832,member,10
833,member,3
833,casual,6
834,casual,5
834,member,3
835,casual,9
835,member,4
836,member,4
836,casual,5
837,casual,5
837,member,8
838,casual,5
838,member,6
839,member,1
839,casual,6
840,member,4
841,casual,5
841,member,7
842,casual,13
842,member,9
843,member,4
843,casual,8
844,casual,5
844,member,7
845,casual,8
845,member,3
846,member,2
846,casual,7
847,member,4
847,casual,5
848,casual,6
848,member,8
849,member,8
849,casual,9
850,member,9
850,casual,13
851,member,2
851,casual,8
852,member,9
852,casual,8
853,member,4
853,casual,10
854,casual,7
854,member,7
855,casual,7
855,member,2
856,member,5
856,casual,4
857,casual,11
857,member,5
858,member,11
858,casual,8
859,casual,6
859,member,1
860,casual,8
860,member,8
861,casual,8
861,member,7
862,casual,7
862,member,4
863,casual,5
863,member,6
864,member,1
864,casual,9
865,casual,6
865,member,2
866,casual,8
866,member,2
867,casual,8
867,member,7
868,member,4
868,casual,9
869,casual,5
869,member,4
870,casual,3
870,member,2
871,casual,12
871,member,2
872,member,8
872,casual,9
873,member,6
873,casual,10
874,member,5
874,casual,4
875,casual,7
875,member,5
876,casual,12
876,member,8
877,member,5
877,casual,7
878,casual,13
878,member,5
879,member,5
879,casual,6
880,member,11
880,casual,6
881,member,8
881,casual,1
882,member,5
882,casual,2
883,casual,2
883,member,5
884,member,5
884,casual,5
885,casual,9
885,member,3
886,casual,6
886,member,4
887,casual,7
887,member,5
888,member,5
888,casual,5
889,member,3
889,casual,6
890,casual,5
890,member,4
891,member,7
891,casual,4
892,casual,6
892,member,6
893,member,5
893,casual,5
894,casual,5
894,member,4
895,member,8
895,casual,4
896,member,7
896,casual,1
897,member,1
897,casual,5
898,casual,4
898,member,3
899,casual,6
899,member,8
900,member,4
900,casual,9
901,member,7
901,casual,5
902,member,2
902,casual,3
903,casual,4
903,member,4
904,casual,5
904,member,5
905,casual,4
905,member,4
906,member,9
906,casual,13
907,member,2
907,casual,5
908,casual,8
908,member,8
909,casual,5
909,member,1
910,member,5
910,casual,6
911,member,3
911,casual,9
912,member,2
912,casual,2
913,casual,6
913,member,5
914,casual,3
914,member,7
915,member,2
915,casual,3
916,casual,7
916,member,2
917,member,4
917,casual,7
918,casual,7
918,member,6
919,member,3
919,casual,8
920,casual,4
920,member,8
921,member,4
921,casual,4
922,member,5
922,casual,7
923,casual,4
923,member,3
924,member,6
924,casual,4
925,member,3
925,casual,4
926,member,2
926,casual,8
927,member,3
927,casual,9
928,casual,4
928,member,2
929,member,4
929,casual,6
930,member,3
930,casual,5
931,casual,7
931,member,4
932,member,9
932,casual,5
933,casual,6
933,member,4
934,casual,7
934,member,7
935,casual,1
935,member,4
936,casual,8
936,member,4
937,member,7
937,casual,4
938,casual,4
938,member,4
939,member,1
939,casual,7
940,member,3
940,casual,5
941,member,1
941,casual,2
942,casual,5
942,member,3
943,member,4
943,casual,7
944,member,2
944,casual,5
945,casual,3
945,member,7
946,casual,3
946,member,2
947,casual,8
947,member,1
948,member,5
948,casual,5
949,member,3
949,casual,6
950,member,3
950,casual,12
951,casual,8
951,member,2
952,casual,10
952,member,3
953,member,2
953,casual,9
954,member,3
954,casual,7
955,casual,5
955,member,7
956,casual,3
956,member,3
957,casual,9
957,member,5
958,member,4
958,casual,11
959,casual,8
959,member,4
960,casual,7
960,member,2
961,casual,10
961,member,2
962,member,8
962,casual,4
963,member,3
963,casual,9
964,member,3
964,casual,8
965,member,2
965,casual,6
966,casual,4
966,member,4
967,member,4
967,casual,2
968,casual,9
968,member,3
969,casual,4
969,member,5
970,member,4
970,casual,10
971,casual,8
971,member,4
972,casual,9
972,member,4
973,casual,6
973,member,7
974,member,6
974,casual,7
975,casual,4
975,member,3
976,member,3
976,casual,4
977,member,1
977,casual,8
978,member,3
978,casual,3
979,casual,5
979,member,3
980,casual,9
980,member,2
981,member,2
981,casual,5
982,casual,8
982,member,2
983,member,3
983,casual,3
984,casual,4
984,member,5
985,casual,8
985,member,2
986,member,3
986,casual,3
987,member,2
987,casual,8
988,casual,6
988,member,4
989,member,4
989,casual,7
990,casual,4
990,member,2
991,member,5
991,casual,7
992,casual,9
992,member,1
993,member,3
993,casual,5
994,member,5
994,casual,6
995,casual,5
995,member,8
996,casual,5
996,member,1
997,casual,5
997,member,4
998,member,1
998,casual,2
999,casual,8
999,member,5
1000,member,3
1000,casual,6
1001,casual,7
1001,member,3
1002,member,6
1002,casual,7
1003,member,4
1003,casual,10
1004,casual,5
1004,member,2
1005,member,2
1005,casual,8
1006,casual,6
1006,member,4
1007,member,3
1007,casual,9
1008,casual,3
1008,member,2
1009,casual,1
1009,member,4
1010,member,4
1010,casual,5
1011,member,3
1011,casual,8
1012,member,4
1013,member,2
1013,casual,7
1014,casual,5
1015,member,1
1015,casual,4
1016,member,2
1016,casual,6
1017,casual,3
1017,member,5
1018,casual,13
1018,member,4
1019,casual,9
1019,member,3
1020,member,6
1020,casual,7
1021,casual,8
1021,member,3
1022,member,3
1022,casual,4
1023,casual,5
1023,member,2
1024,casual,5
1024,member,5
1025,member,4
1025,casual,6
1026,member,3
1026,casual,7
1027,member,4
1027,casual,5
1028,member,4
1028,casual,4
1029,casual,9
1029,member,6
1030,casual,4
1030,member,3
1031,casual,10
1031,member,4
1032,member,1
1032,casual,7
1033,casual,10
1033,member,3
1034,member,5
1034,casual,11
1035,casual,5
1035,member,4
1036,casual,4
1036,member,5
1037,casual,8
1037,member,3
1038,member,1
1038,casual,3
1039,member,7
1039,casual,8
1040,casual,4
1040,member,1
1041,member,2
1041,casual,3
1042,casual,2
1042,member,2
1043,casual,4
1043,member,1
1044,casual,6
1044,member,2
1045,casual,9
1045,member,4
1046,member,4
1046,casual,4
1047,member,4
1047,casual,8
1048,member,4
1048,casual,4
1049,casual,6
1049,member,3
1050,member,2
1050,casual,8
1051,casual,4
1051,member,2
1052,casual,6
1052,member,3
1053,casual,5
1053,member,9
1054,member,3
1054,casual,5
1055,member,9
1055,casual,5
1056,member,1
1056,casual,9
1057,member,4
1057,casual,5
1058,member,4
1058,casual,5
1059,casual,7
1059,member,3
1060,member,4
1060,casual,6
1061,member,2
1061,casual,2
1062,member,3
1062,casual,4
1063,casual,5
1063,member,4
1064,member,3
1064,casual,3
1065,casual,4
1065,member,4
1066,member,2
1066,casual,8
1067,casual,4
1067,member,2
1068,casual,4
1068,member,2
1069,casual,5
1069,member,2
1070,member,3
1070,casual,6
1071,casual,7
1071,member,2
1072,casual,11
1072,member,9
1073,casual,4
1073,member,4
1074,member,2
1074,casual,6
1075,member,1
1075,casual,2
1076,casual,9
1076,member,3
1077,member,4
1077,casual,11
1078,member,2
1078,casual,6
1079,member,4
1079,casual,3
1080,casual,11
1080,member,4
1081,member,6
1081,casual,5
1082,member,2
1082,casual,10
1083,member,1
1083,casual,7
1084,member,2
1084,casual,4
1085,casual,6
1085,member,2
1086,member,1
1086,casual,7
1087,member,4
1087,casual,3
1088,casual,4
1088,member,1
1089,member,1
1089,casual,6
1090,member,3
1090,casual,2
1091,casual,8
1091,member,3
1092,member,1
1092,casual,9
1093,casual,1
1093,member,4
1094,member,2
1094,casual,9
1095,casual,3
1095,member,2
1096,casual,2
1097,casual,5
1097,member,4
1098,member,2
1098,casual,5
1099,casual,6
1100,member,2
1100,casual,9
1101,casual,6
1101,member,1
1102,casual,4
1102,member,1
1103,casual,7
1103,member,4
1104,member,2
1104,casual,6
1105,member,2
1105,casual,2
1106,member,2
1106,casual,3
1107,member,2
1107,casual,6
1108,casual,9
1109,member,7
1109,casual,8
1110,casual,9
1110,member,3
1111,casual,4
1111,member,4
1112,casual,8
1112,member,3
1113,casual,6
1114,member,1
1114,casual,4
1115,casual,7
1115,member,1
1116,member,3
1116,casual,3
1117,casual,7
1117,member,4
1118,casual,5
1118,member,1
1119,member,4
1119,casual,5
1120,member,1
1120,casual,6
1121,member,7
1121,casual,2
1122,casual,8
1123,member,7
1123,casual,2
1124,member,2
1124,casual,2
1125,casual,8
1125,member,1
1126,casual,2
1126,member,4
1127,casual,2
1127,member,3
1128,member,5
1128,casual,2
1129,member,3
1129,casual,1
1130,member,2
1130,casual,4
1131,member,2
1131,casual,6
1132,member,1
1132,casual,2
1133,member,2
1133,casual,4
1134,casual,2
1135,casual,2
1135,member,2
1136,casual,4
1136,member,3
1137,casual,4
1138,casual,2
1138,member,4
1139,casual,6
1139,member,4
1140,member,1
1140,casual,4
1141,member,2
1141,casual,2
1142,member,4
1142,casual,9
1143,member,5
1143,casual,5
1144,casual,2
1144,member,3
1145,member,3
1145,casual,7
1146,member,4
1146,casual,5
1147,casual,7
1147,member,3
1148,casual,3
1148,member,2
1149,casual,6
1149,member,1
1150,casual,6
1150,member,3
1151,member,4
1151,casual,4
1152,casual,10
1152,member,5
1153,member,5
1153,casual,4
1154,member,3
1154,casual,11
1155,member,1
1155,casual,5
1156,casual,3
1156,member,1
1157,casual,5
1157,member,1
1158,casual,2
1158,member,2
1159,member,2
1159,casual,3
1160,member,3
1160,casual,7
1161,member,3
1161,casual,7
1162,casual,8
1162,member,2
1163,casual,5
1163,member,2
1164,casual,7
1164,member,2
1165,casual,5
1165,member,3
1166,member,1
1166,casual,2
1167,member,2
1167,casual,7
1168,member,3
1168,casual,11
1169,casual,4
1170,casual,3
1170,member,2
1171,member,7
1171,casual,6
1172,casual,2
1172,member,1
1173,casual,8
1173,member,2
1174,member,3
1174,casual,7
1175,casual,9
1175,member,5
1176,casual,7
1177,casual,11
1177,member,4
1178,member,4
1178,casual,7
1179,casual,6
1179,member,2
1180,member,4
1180,casual,5
1181,casual,7
1181,member,1
1182,casual,5
1183,member,4
1183,casual,4
1184,casual,7
1184,member,2
1185,casual,7
1185,member,1
1186,member,4
1186,casual,6
1187,casual,3
1187,member,3
1188,member,4
1188,casual,6
1189,casual,3
1189,member,5
1190,member,1
1190,casual,1
1191,casual,9
1192,member,4
1192,casual,11
1193,casual,7
1193,member,3
1194,member,2
1194,casual,5
1195,casual,2
1195,member,1
1196,member,3
1196,casual,5
1197,casual,9
1198,member,6
1198,casual,4
1199,member,2
1199,casual,8
1200,casual,7
1200,member,1
1201,member,1
1201,casual,3
1202,casual,3
1202,member,3
1203,casual,2
1203,member,4
1204,member,2
1204,casual,2
1205,member,3
1205,casual,8
1206,casual,8
1206,member,3
1207,member,3
1207,casual,7
1208,member,1
1208,casual,3
1209,casual,8
1209,member,3
1210,casual,6
1210,member,1
1211,casual,6
1211,member,3
1212,casual,2
1212,member,2
1213,member,4
1213,casual,5
1214,member,1
1214,casual,2
1215,member,4
1215,casual,6
1216,casual,5
1216,member,4
1217,casual,2
1217,member,1
1218,member,4
1218,casual,4
1219,casual,8
1219,member,2
1220,member,2
1220,casual,5
1221,casual,1
1221,member,1
1222,casual,5
1222,member,2
1223,casual,5
1223,member,2
1224,casual,2
1224,member,1
1225,casual,1
1225,member,2
1226,casual,6
1226,member,3
1227,casual,8
1227,member,3
1228,member,2
1228,casual,4
1229,casual,9
1229,member,1
1230,member,4
1230,casual,9
1231,casual,3
1231,member,2
1232,casual,3
1232,member,3
1233,member,2
1233,casual,4
1234,member,1
1234,casual,7
1235,member,1
1235,casual,6
1236,casual,6
1236,member,1
1237,member,4
1237,casual,4
1238,casual,3
1238,member,2
1239,member,4
1239,casual,4
1240,member,1
1240,casual,3
1241,member,6
1241,casual,2
1242,casual,3
1242,member,2
1243,casual,9
1243,member,3
1244,member,2
1244,casual,3
1245,casual,5
1245,member,4
1246,casual,7
1246,member,3
1247,member,3
1247,casual,5
1248,member,5
1248,casual,6
1249,member,3
1249,casual,3
1250,member,1
1250,casual,1
1251,casual,6
1251,member,4
1252,casual,6
1252,member,2
1253,casual,3
1253,member,2
1254,casual,6
1254,member,2
1255,casual,3
1255,member,2
1256,casual,7
1256,member,6
1257,casual,3
1258,casual,7
1258,member,2
1259,casual,6
1260,casual,5
1260,member,1
1261,casual,6
1262,casual,6
1263,casual,6
1263,member,2
1264,casual,6
1264,member,3
1265,casual,4
1266,member,2
1266,casual,1
1267,casual,7
1267,member,1
1268,member,2
1268,casual,5
1269,casual,7
1269,member,1
1270,casual,3
1270,member,1
1271,casual,7
1271,member,2
1272,casual,5
1272,member,2
1273,casual,10
1273,member,2
1274,casual,10
1275,member,3
1275,casual,10
1276,member,4
1276,casual,10
1277,member,3
1277,casual,8
1278,casual,2
1279,member,1
1279,casual,6
1280,member,3
1280,casual,2
1281,casual,7
1281,member,1
1282,member,3
1282,casual,6
1283,member,2
1283,casual,2
1284,casual,3
1284,member,1
1285,member,3
1285,casual,7
1286,casual,4
1286,member,1
1287,casual,4
1287,member,1
1288,member,3
1289,member,5
1289,casual,5
1290,member,1
1290,casual,5
1291,casual,7
1292,casual,4
1293,casual,3
1294,casual,4
1295,member,4
1295,casual,5
1296,casual,6
1296,member,1
1297,casual,1
1297,member,2
1298,casual,3
1298,member,3
1299,casual,2
1299,member,1
1300,casual,9
1300,member,2
1301,member,5
1301,casual,5
1302,member,1
1302,casual,10
1303,member,3
1303,casual,8
1304,casual,5
1304,member,3
1305,casual,9
1305,member,3
1306,casual,3
1306,member,1
1307,casual,4
1308,casual,3
1308,member,3
1309,member,1
1309,casual,8
1310,member,3
1310,casual,3
1311,casual,2
1312,member,2
1312,casual,6
1313,member,2
1313,casual,6
1314,casual,2
1314,member,2
1315,casual,2
1316,member,1
1316,casual,5
1317,casual,7
1317,member,4
1318,casual,3
1319,casual,6
1320,casual,8
1321,casual,9
1321,member,1
1322,member,2
1322,casual,8
1323,casual,6
1324,casual,4
1324,member,2
1325,member,4
1325,casual,6
1326,casual,7
1326,member,1
1327,casual,8
1328,member,2
1328,casual,9
1329,casual,6
1330,member,3
1330,casual,3
1331,member,4
1331,casual,6
1332,member,1
1332,casual,7
1333,member,3
1333,casual,3
1334,casual,4
1334,member,2
1335,casual,3
1336,member,2
1336,casual,6
1337,member,2
1337,casual,8
1338,member,1
1338,casual,5
1339,casual,4
1339,member,2
1340,member,4
1340,casual,7
1341,casual,4
1342,casual,8
1343,member,2
1343,casual,12
1344,casual,8
1345,member,1
1345,casual,7
1346,member,5
1346,casual,6
1347,member,2
1347,casual,7
1348,casual,7
1349,casual,8
1350,member,2
1350,casual,4
1351,casual,3
1351,member,2
1352,member,1
1352,casual,6
1353,member,2
1353,casual,7
1354,casual,8
1354,member,3
1355,casual,6
1355,member,2
1356,casual,2
1357,casual,6
1357,member,2
1358,casual,4
1358,member,1
1359,casual,7
1359,member,1
1360,casual,9
1361,member,1
1361,casual,9
1362,member,2
1362,casual,5
1363,member,2
1363,casual,6
1364,casual,6
1364,member,2
1365,member,2
1365,casual,8
1366,member,1
1366,casual,6
1367,member,5
1367,casual,7
1368,casual,4
1369,casual,4
1369,member,4
1370,member,1
1370,casual,2
1371,casual,11
1372,casual,5
1372,member,1
1373,casual,6
1374,casual,16
1374,member,3
1375,casual,9
1375,member,2
1376,casual,4
1376,member,1
1377,casual,5
1378,casual,6
1379,member,2
1379,casual,8
1380,casual,5
1380,member,2
1381,casual,12
1381,member,3
1382,member,2
1382,casual,6
1383,member,1
1383,casual,7
1384,casual,8
1385,casual,2
1385,member,3
1386,member,2
1386,casual,7
1387,member,1
1387,casual,3
1388,casual,6
1388,member,2
1389,casual,8
1390,casual,3
1390,member,3
1391,member,1
1391,casual,9
1392,member,2
1392,casual,5
1393,member,1
1393,casual,7
1394,casual,5
1394,member,2
1395,member,1
1395,casual,8
1396,casual,7
1397,member,1
1397,casual,5
1398,casual,3
1398,member,3
1399,casual,11
1399,member,2
1400,member,1
1400,casual,15
1401,member,2
1401,casual,4
1402,member,1
1402,casual,2
1403,casual,4
1403,member,1
1404,casual,5
1404,member,2
1405,casual,6
1405,member,1
1406,casual,9
1406,member,4
1407,casual,8
1408,casual,6
1409,casual,6
1409,member,3
1410,member,1
1410,casual,8
1411,casual,4
1411,member,1
1412,casual,4
1412,member,2
1413,casual,5
1413,member,1
1414,casual,8
1414,member,1
1415,casual,7
1415,member,1
1416,member,2
1416,casual,9
1417,casual,7
1417,member,2
1418,casual,6
1418,member,1
1419,casual,1
1419,member,3
1420,member,2
1420,casual,9
1421,casual,17
1421,member,4
1422,member,3
1422,casual,7
1423,member,1
1423,casual,15
1424,casual,14
1424,member,2
1425,casual,7
1425,member,1
1426,casual,5
1426,member,3
1427,casual,7
1428,casual,7
1429,casual,7
1429,member,3
1430,casual,6
1431,casual,11
1431,member,2
1432,member,2
1432,casual,3
1433,member,2
1433,casual,3
1434,casual,9
1434,member,1
1435,member,2
1435,casual,6
1436,member,1
1436,casual,7
1437,member,3
1437,casual,7
1438,casual,11
1439,casual,4
1440,casual,3
1457,casual,1
